Title,Author,Est Market Value,Genre,Notes,Priority,Shelf,Status,
Motherless Brooklyn,Jonathan Lethem,3,Mystery/Literary Fiction,,,Living Room Right - 1,For Sale,
Gravity's Rainbow,Thomas Pynchon,3,Literary Fiction/Postmodern,,,Living Room Right - 1,For Sale,
The Wind-Up Bird Chronicle,Haruki Murakami,3,Literary Fiction,,,Living Room Right - 1,For Sale,
Confessions of an Ugly Stepsister,Gregory Maguire,3,Literary Fiction,,,Living Room Right - 1,For Sale,
Century of the Wind,Eduardo Galeano,3,Essays/History,,,Living Room Right - 1,For Sale,
The Magicians,Lev Grossman,3,Fantasy,,,Living Room Right - 1,For Sale,
Girl with Curious Hair,David Foster Wallace,3,Short Stories/Literary Fiction,,,Living Room Right - 1,For Sale,
Cryptonomicon,Neal Stephenson,3,Sci-Fi/Historical Fiction,,,Living Room Right - 1,For Sale,
Only Revolutions,Mark Z. Danielewski,3,Experimental/Literary Fiction,,,Living Room Right - 1,For Sale,
Miracle Life of Edgar Mint,Brady Udall,3,Literary Fiction,,,Living Room Right - 1,For Sale,
Vineland,Thomas Pynchon,3,Literary Fiction/Postmodern,,,Living Room Right - 1,For Sale,
Timoleon Vieta Come Home,Dan Rhodes,3,Literary Fiction,,,Living Room Right - 1,For Sale,
The Handmaid's Tale,Margaret Atwood,3,Dystopian/Sci-Fi,,,Living Room Right - 1,For Sale,
Year of the Flood,Margaret Atwood,3,Dystopian/Sci-Fi,,,Living Room Right - 1,For Sale,
Genesis,Eduardo Galeano,3,Essays/Politics,,,Living Room Right - 1,For Sale,
The Ninth House,Leigh Bardugo,3,Literary Fiction/Fantasy,,,Living Room Right - 1,For Sale,
Spook Country,William Gibson,3,Sci-Fi/Thriller,,,Living Room Right - 1,For Sale,
Snow Crash,Neal Stephenson,3,Sci-Fi/Cyberpunk,,,Living Room Right - 2,For Sale,
Beloved,Toni Morrison,3,Literary Fiction,,,Living Room Right - 2,For Sale,
The Golden Notebook,Doris Lessing,3,Literary Fiction,,,Living Room Right - 2,For Sale,
Parable of the Sower,Octavia E. Butler,3,Sci-Fi/Dystopian,,,Living Room Right - 2,For Sale,
South of the Border West of the Sun,Haruki Murakami,3,Literary Fiction,,,Living Room Right - 2,For Sale,
The Familiar Volume 1,Mark Z. Danielewski,3,Experimental Fiction,,,Living Room Right - 2,For Sale,
Animal Farm,George Orwell,2,Political Fiction/Allegory,,,Living Room Right - 2,For Sale,
Franny and Zooey,J.D. Salinger,3,Literary Fiction,,,Living Room Right - 2,For Sale,
The Little Prince,Antoine de Saint-Exupéry,2,Children's/Philosophy,,,Living Room Right - 2,For Sale,
Obasan,Joy Kogawa,3,Literary Fiction,,,Living Room Right - 2,For Sale,
Bloodchild,Octavia E. Butler,3,Sci-Fi/Short Stories,,,Living Room Right - 2,For Sale,
Johnny Got His Gun,Dalton Trumbo,3,Literary Fiction/War,,,Living Room Right - 2,For Sale,
Bel Canto,Ann Patchett,3,Literary Fiction,,,Living Room Right - 2,For Sale,
The God of Small Things,Arundhati Roy,3,Literary Fiction,,,Living Room Right - 2,For Sale,
Middlesex,Jeffrey Eugenides,3,Literary Fiction,,,Living Room Right - 2,For Sale,
Home Land,Sam Lipsyte,3,Literary Fiction/Satire,,,Living Room Right - 2,For Sale,
Lying,Lauren Slater,3,Memoir/Essays,,,Living Room Right - 2,For Sale,
The Shadow of the Wind,Carlos Ruiz Zafón,3,Literary Fiction/Mystery,,,Living Room Right - 2,For Sale,
The Passion,Jeanette Winterson,3,Literary Fiction,,,Living Room Right - 2,For Sale,
City of Saints and Madmen,Jeff VanderMeer,3,Fantasy/Weird Fiction,,,Living Room Right - 2,For Sale,
The Color Purple,Alice Walker,3,Literary Fiction,,,Living Room Right - 2,For Sale,
Moon of the Crusted Snow,Waubgeshig Rice,3,Literary Fiction/Horror,,,Living Room Right - 2,For Sale,
Dancing After Hours,Andre Dubus,3,Short Stories,,,Living Room Right - 2,For Sale,
The Sound and the Fury,William Faulkner,3,Literary Fiction/Southern Gothic,,,Living Room Right - 2,For Sale,
The Dogs of Babel,Carolyn Parkhurst,3,Literary Fiction,,,Living Room Right - 2,For Sale,
Waiting,Ha Jin,3,Literary Fiction,,,Living Room Middle - 1,For Sale,
In the Time of the Butterflies,Julia Alvarez,3,Literary Fiction/Historical,,,Living Room Middle - 1,For Sale,
The Elephant Vanishes,Haruki Murakami,3,Short Stories,,,Living Room Middle - 1,For Sale,
The Golden Compass,Philip Pullman,3,Fantasy/YA,His Dark Materials Book I,,Living Room Middle - 1,For Sale,
The Subtle Knife,Philip Pullman,3,Fantasy/YA,His Dark Materials Book II,,Living Room Middle - 1,For Sale,
House of Leaves,Mark Z. Danielewski,5,Experimental/Horror,,,Living Room Middle - 1,For Sale,
The Science of Storytelling,Will Storr,3,Non-Fiction/Writing,,,Living Room Middle - 1,For Sale,
Jonathan Strange & Mr Norrell,Susanna Clarke,5,Fantasy,,,Living Room Middle - 1,For Sale,
The Fortress of Solitude,Jonathan Lethem,3,Literary Fiction,,,Living Room Middle - 1,For Sale,
The Amber Spyglass,Philip Pullman,3,Fantasy/YA,His Dark Materials Book III,,Living Room Middle - 1,For Sale,
The Road,Cormac McCarthy,3,Literary Fiction/Post-Apocalyptic,,,Living Room Middle - 1,For Sale,
Forests of the Heart,Charles de Lint,3,Fantasy,,,Living Room Middle - 1,For Sale,
So Far from God,Ana Castillo,3,Literary Fiction,,,Living Room Middle - 1,For Sale,
The Complete Cosmicomics,Italo Calvino,5,Sci-Fi/Short Stories,,,Living Room Middle - 2,For Sale,
Gods Without Men,Hari Kunzru,3,Literary Fiction,,,Living Room Middle - 2,For Sale,
Pattern Recognition,William Gibson,3,Sci-Fi,,,Living Room Middle - 2,For Sale,
Crime and Punishment,Fyodor Dostoevsky,3,Literary Fiction/Classic,,,Living Room Middle - 2,For Sale,
This Book Is Not Yet Rated,Peter Bognanni,3,Literary Fiction,,,Living Room Middle - 2,For Sale,
A Prayer for Owen Meany,John Irving,3,Literary Fiction,,,Living Room Middle - 2,For Sale,
Cannery Row,John Steinbeck,3,Literary Fiction,,,Living Room Middle - 2,For Sale,
Circling the Drain,Amanda Davis,3,Short Stories,,,Living Room Middle - 2,For Sale,
Zero History,William Gibson,3,Sci-Fi,,,Living Room Middle - 2,For Sale,
Infinite Jest,David Foster Wallace,3,Literary Fiction/Postmodern,,,Living Room Middle - 2,For Sale,
The French Lieutenant's Woman,John Fowles,3,Literary Fiction,,,Living Room Middle - 2,For Sale,
A Man of Shadows,Jeff Noon,3,Sci-Fi/Fantasy,,,Living Room Middle - 2,For Sale,
The Catcher in the Rye,J.D. Salinger,3,Literary Fiction/Classic,,,Living Room Middle - 2,For Sale,
The Haunting of Hill House,Shirley Jackson,3,Horror/Gothic,,,Living Room Middle - 2,For Sale,
The End We Start From,Megan Hunter,3,Literary Fiction,,,Living Room Middle - 2,For Sale,
Yesterday's Weather,Anne Enright,3,Short Stories,,,Living Room Middle - 2,For Sale,
Last Exit to Brooklyn,Hubert Selby Jr.,3,Literary Fiction,,,Living Room Middle - 2,For Sale,
Man Walks Into a Room,Nicole Krauss,3,Literary Fiction,,,Living Room Middle - 3,For Sale,
All Shall Be Well; And All Shall Be Well; And All Manner of Things Shall Be Well,Tod Wodicka,3,Literary Fiction,,,Living Room Middle - 3,For Sale,
Black Swan Green,David Mitchell,3,Literary Fiction,,,Living Room Middle - 3,For Sale,
A Brief History of Seven Killings,Marlon James,3,Literary Fiction,,,Living Room Middle - 3,For Sale,
Granta 69: The Assassin,Various,3,Literary Magazine,,,Living Room Middle - 3,For Sale,
Tell Me How Long the Train's Been Gone,James Baldwin,3,Literary Fiction,,,Living Room Middle - 3,For Sale,
Mao II,Don DeLillo,3,Literary Fiction,,,Living Room Middle - 3,For Sale,
Serpent Girl,Matthew Carnahan,3,Literary Fiction,,,Living Room Middle - 3,For Sale,
The Bone People,Keri Hulme,3,Literary Fiction,,,Living Room Middle - 3,For Sale,
What You Could Have Won,Rachel Genn,3,Literary Fiction,,,Living Room Middle - 3,For Sale,
The Patron Saint of Liars,Ann Patchett,3,Literary Fiction,,,Living Room Middle - 3,For Sale,
The Illuminatus! Trilogy,Robert Shea & Robert Anton Wilson,5,Sci-Fi/Conspiracy,,,Living Room Middle - 3,For Sale,
Consciousness and the Brain,Stanislas Dehaene,5,Non-Fiction/Neuroscience,,,Living Room Middle - Bottom,For Sale,
For The Good Times,David Keenan,3,Literary Fiction,,,Living Room Middle - Bottom,For Sale,
Aspects of the Masculine,C.G. Jung,5,Psychology,,,Living Room Middle - Bottom,For Sale,
No Boundary,Ken Wilber,3,Non-Fiction/Philosophy,,,Living Room Middle - Bottom,For Sale,
Home to Harlem,Claude McKay,3,Literary Fiction,,,Living Room Middle - Bottom,For Sale,
The Tibetan Book of the Dead,Robert Thurman (trans),3,Philosophy/Religion,,,Living Room Middle - Bottom,For Sale,
Bicycle Diaries,David Byrne,3,Non-Fiction/Memoir,,,Living Room Middle - Bottom,For Sale,
Dust,Jay Owens,3,Non-Fiction,,,Living Room Middle - Bottom,For Sale,
Saints and Madmen,Russell Shorto,3,Literary Fiction,,,Living Room Middle - Bottom,For Sale,
Soul Without Shame,Byron Brown,3,Non-Fiction/Psychology,,,Living Room Middle - Bottom,For Sale,
The Manual of Psychedelic Support,MAPS,5,Non-Fiction/Psychology,,,Living Room Middle - Bottom,For Sale,
A Scheme of Heaven,Alexander Boxer,3,Non-Fiction/Astronomy,,,Living Room Middle - Bottom,For Sale,
The Complete Stories,Flannery O'Connor,5,Short Stories,,,Living Room Middle - Bottom,For Sale,
Still Life With Woodpecker,Tom Robbins,3,Literary Fiction,,,Living Room Middle - Bottom,For Sale,
Zigzag Zen,Various,3,Buddhism/Essays,,,Living Room Middle - Bottom,For Sale,
Up From Eden,Ken Wilber,3,Non-Fiction/Philosophy,,,Living Room Middle - Bottom,For Sale,
Theater in a Crowded Fire,Lee Gilmore,3,Non-Fiction/Anthropology,Burning Man,,Living Room Middle - Bottom,For Sale,
Between the Dark and Light,Jay Blakesberg,40,Photography/Music,HARDCOVER - Grateful Dead photography,,Living Room Middle - Bottom,For Sale,
The Privilege of the Happy Ending,Kij Johnson,3,Short Stories,,,Living Room Middle - Bottom,For Sale,
Meeting the Shadow,Zweig and Abrams,3,Psychology/Anthology,,,Living Room Middle - Bottom,For Sale,
Master Harold and the Boys,Athol Fugard,3,Play,,,Living Room Middle - Top,For Sale,
5th of July,Lanford Wilson,3,Play,,,Living Room Middle - Top,For Sale,
15 Short Plays,Terrence McNally,3,Play,,,Living Room Middle - Top,For Sale,
Fences,August Wilson,3,Play,,,Living Room Middle - Top,For Sale,
Rhinoceros,Eugene Ionesco,3,Play,,,Living Room Middle - Top,For Sale,
Love! Valour! Compassion!,Terrence McNally,3,Play,,,Living Room Middle - Top,For Sale,
Angels in America,Tony Kushner,5,Play,,,Living Room Middle - Top,For Sale,
Dutchman and The Slave,LeRoi Jones,3,Play,,,Living Room Middle - Top,For Sale,
Dancing at Lughnasa,Brian Friel,3,Play,,,Living Room Middle - Top,For Sale,
Burn This,Lanford Wilson,3,Play,,,Living Room Middle - Top,For Sale,
A Bright Room Called Day,Tony Kushner,3,Play,,,Living Room Middle - Top,For Sale,
More Ten-Minute Plays from Actors Theatre of Louisville,Various,3,Play,,,Living Room Middle - Top,For Sale,
Still Life,Mann,3,Play,,,Living Room Middle - Top,For Sale,
Baltimore Waltz,Paula Vogel,3,Play,,,Living Room Middle - Top,For Sale,
Mother Courage,Bertolt Brecht,3,Play,,,Living Room Middle - Top,For Sale,
Mistero Buffo,Dario Fo,3,Play,,,Living Room Middle - Top,For Sale,
Freedom to Go: After the Motor Age,Colin Ward,3,Non-Fiction,,,Living Room Middle - Top,For Sale,
In the Blood,Suzan-Lori Parks,3,Play,,,Living Room Middle - Top,For Sale,
As Lovers Do,Marc Bénéteau,3,Play,,,Living Room Middle - Top,For Sale,
The Road to Mecca,Athol Fugard,3,Play,,,Living Room Middle - Top,For Sale,
Closer,Patrick Marber,3,Play,,,Living Room Middle - Top,For Sale,
Buddha,Karen Armstrong,3,Non-Fiction/Biography,,,Living Room - Bottom,For Sale,
The Spiritual Foundations of Aikido,Various,3,Non-Fiction/Buddhism,,,Living Room - Bottom,For Sale,
How the Mind Works,Steven Pinker,5,Non-Fiction/Psychology,,,Living Room - Bottom,For Sale,
The Raft Is Not the Shore,Thich Nhat Hanh & Daniel Berrigan,3,Non-Fiction/Buddhism,,,Living Room - Bottom,For Sale,
An End to Suffering,Pankaj Mishra,3,Non-Fiction/Buddhism,,,Living Room - Bottom,For Sale,
No More Masks!,Edited by Howe and Bass,3,Poetry/Anthology,,,Living Room - Bottom,For Sale,
The Only Dance There Is,Ram Dass,3,Non-Fiction/Spirituality,,,Living Room - Bottom,For Sale,
Zen Meditation in Plain English,Various,3,Non-Fiction/Buddhism,,,Living Room - Bottom,For Sale,
Lives of Dogen,Carl Bielefeldt,3,Non-Fiction/Buddhism/Biography,,,Living Room - Bottom,For Sale,
One Hundred More Poems from the Chinese,Kenneth Rexroth,3,Poetry/Translation,,,Living Room - Bottom,For Sale,
The Heart of the Buddha's Teaching,Thich Nhat Hanh,3,Non-Fiction/Buddhism,,,Living Room - Bottom,For Sale,
The Three Pillars of Zen,Philip Kapleau,3,Non-Fiction/Buddhism,,,Living Room - Bottom,For Sale,
Zen and the Brain,Austin,5,Non-Fiction/Neuroscience/Buddhism,,,Living Room - Bottom,For Sale,
The Essential Rumi,Rumi (trans. Coleman Barks),3,Poetry,,,Living Room - Bottom,For Sale,
Humana Festival 2007: The Complete Plays,Edited by Hansel & Dubiner,3,Play,,,Living Room Left,For Sale,
Two Plays,Mac Wellman,3,Play,,,Living Room Left,For Sale,
The Mission of Art,Alex Grey,5,Non-Fiction/Art,,,Living Room Left,For Sale,
Art & Fear,David Bayles,3,Non-Fiction/Art,,,Living Room Left,For Sale,
How to Live Safely in a Science Fictional Universe,Charles Yu,3,Sci-Fi,,,Living Room Left,For Sale,
The Hero with a Thousand Faces,Joseph Campbell,5,Non-Fiction/Mythology,,,Living Room Left,For Sale,
An Actor Behaves,Markus,3,Non-Fiction/Acting,,,Living Room Left,For Sale,
Almanac of the Dead,Leslie Marmon Silko,3,Literary Fiction,,,Living Room Left,For Sale,
Wheels of Life,Anodea Judith,3,Non-Fiction/Spirituality,Chakra system,,Living Room Left,For Sale,
Utopia Avenue,David Mitchell,3,Literary Fiction,,,Living Room Left,For Sale,
The Invisibles: Kissing Mister Quimper,Grant Morrison,5,Comics/Graphic Novel,,,Living Room Left,For Sale,
Professional Magic for Amateurs,Walter Gibson,3,Non-Fiction/Magic,,,Living Room Left,For Sale,
The Peripheral,William Gibson,3,Sci-Fi,,,Living Room Left,For Sale,
Siddhartha,Hermann Hesse,3,Literary Fiction/Philosophy,,,Living Room Left,For Sale,
The Lord of the Rings,J.R.R. Tolkien,5,Fantasy,,,Living Room Left,For Sale,
Welcome to My Country,Lauren Slater,3,Non-Fiction/Memoir,,,Living Room Left,For Sale,
Emergence,Steven Johnson,3,Non-Fiction/Science,,,Living Room Left,For Sale,
A Wizard of Earthsea,Ursula K. Le Guin,3,Fantasy,,,Living Room Left,For Sale,
Wittgenstein's Poker,David Edmonds,3,Non-Fiction/Philosophy,,,Living Room Left,For Sale,
The Practice of Perfection,Robert Aitken,3,Non-Fiction/Buddhism,,,Living Room Left,For Sale,
Unholy Ghost,Nell Casey (editor),3,Non-Fiction/Anthology,,,Living Room Left,For Sale,
Underwater Puppies,Seth Casteel,2,Photography,,,Living Room Left,For Sale,
How to Play Ukulele,Various,2,Non-Fiction/Music,,,Living Room Left,For Sale,
Parker's Astrology,Julia and Derek Parker,3,Non-Fiction/Astrology,,,Living Room Left,For Sale,
Upholstery: A Complete Course,David James,3,Non-Fiction/Craft,,,Living Room Left,For Sale,
Facades: A Visual Compendium,Various,3,Non-Fiction/Architecture,,,Living Room Left,For Sale,
Burning Man: Art on Fire,Various,25,Non-Fiction/Art,HARDCOVER photo book,,,Living Room Left,For Sale
Love at First Stitch,Tilly Walnes,2,Non-Fiction/Craft,,,Living Room Left,For Sale,
The Heart Goes Last,Margaret Atwood,3,Literary Fiction,,,Living Room Left,For Sale,
The Only Astrology Book You'll Ever Need,Joanna Martine Woolfolk,3,Non-Fiction/Astrology,,,Living Room Left,For Sale,
Only A Beginning: An Anarchist Anthology,Edited by Allan Antliff,3,Non-Fiction/Politics,,,Living Room Left,For Sale,
How the Grinch Stole Christmas,Dr. Seuss,2,Children's,,,Living Room Left,For Sale,
Dreads,Brian Froud,3,Art/Fantasy,,,Living Room Left,For Sale,
Epic Hikes of the World,Various,3,Non-Fiction/Travel,,,Living Room Left,For Sale,
One Fish Two Fish Red Fish Blue Fish,Dr. Seuss,2,Children's,,,Living Room Left,For Sale,
Everything You Know Is Wrong,Russ Kick (editor),3,Non-Fiction/Anthology,,,Living Room Left,For Sale,
Your Favorite Seuss,Dr. Seuss,2,Children's,,,Living Room Left,For Sale,
Debt: The First 5000 Years,David Graeber,5,Non-Fiction/Economics,,,Living Room Left,For Sale,
Psychotherapy East & West,Claudio Naranjo,3,Non-Fiction/Psychology,,,Living Room Left,For Sale,
This Is Water,David Foster Wallace,3,Non-Fiction/Philosophy,,,Living Room Left,For Sale,
Rising Up and Rising Down,William T. Vollmann,5,Non-Fiction/Politics,,,Living Room Left,For Sale,
Visual Explanations,Edward Tufte,15,Non-Fiction/Design,2nd edition - good condition,,Living Room Left,For Sale,
Byrne Diaries,David Byrne,3,Non-Fiction/Memoir,,,Living Room Left,For Sale,
An Anti-Capitalist Reader,Various,3,Non-Fiction/Politics,,,Living Room Left,For Sale,
From Mutual Aid to the Welfare State,Various,3,Non-Fiction/Politics,,,Living Room Left,For Sale,
Lacan for Beginners,Various,2,Non-Fiction/Philosophy,,,Living Room Left,For Sale,
A Memory Called Empire,Arkady Martine,3,Sci-Fi,,,Living Room Left,For Sale,
Six Plays,Richard Foreman,3,Play,,,Living Room Left,For Sale,
On the Road,Jack Kerouac,3,Literary Fiction,,,Living Room Left,For Sale,
The Best of the Best: American Poetry 1988-1997,Harold Bloom (editor),3,Poetry/Anthology,,,Living Room Left,For Sale,
Envisioning Information,Edward Tufte,25,Non-Fiction/Design,Likely 1st ed - ex-library no DJ - great condition,,Living Room Left,For Sale,
The War Against Oblivion,John Ross,3,Non-Fiction/Politics,,,Living Room Left,For Sale,
A Beautiful Question,Frank Wilczek,5,Non-Fiction/Science,,,Living Room Left,For Sale,
The Visual Display of Quantitative Information,Edward Tufte,18,Non-Fiction/Design,2nd edition - great condition,,Living Room Left,For Sale,
The Case Against the Global Economy,Various,3,Non-Fiction/Politics,,,Living Room Left,For Sale,
Reinventing the Bazaar,John McMillan,3,Non-Fiction/Economics,,,Living Room Left,For Sale,
The House of Tomorrow,Peter Bognanni,3,Literary Fiction,,,Living Room Left,For Sale,
Asymmetry,Lisa Halliday,3,Literary Fiction,,,Living Room Left,For Sale,
Bones of the Master,George Crane,3,Non-Fiction/Travel/Memoir,Journey to Secret Mongolia,,Living Room Left,For Sale,
Oryx and Crake,Margaret Atwood,3,Sci-Fi,,,Living Room Left,For Sale,
Freud and Beyond,Stephen Mitchell & Margaret Black,5,Non-Fiction/Psychology,,,Living Room Left,For Sale,
One Market Under God,Thomas Frank,3,Non-Fiction/Economics,,,Living Room Left,For Sale,
A Good Man Is Hard to Find,Flannery O'Connor,3,Short Stories,,,Living Room Left,For Sale,
A Brief History of Everything,Ken Wilber,3,Non-Fiction/Philosophy,,,Living Room Left,For Sale,
The Life of Leonard Cohen,Various,3,Non-Fiction/Biography,,,Living Room Left,For Sale,
The Journey to the East,Hermann Hesse,3,Literary Fiction,,,Living Room Left,For Sale,
Desert Solitaire,Edward Abbey,3,Non-Fiction/Nature,,,Living Room Left,For Sale,
The Story of B,Daniel Quinn,3,Literary Fiction,,,Living Room Left,For Sale,
The Beginning of Infinity,David Deutsch,5,Non-Fiction/Science,,,Living Room Left,For Sale,
Secondhand,Adam Minter,3,Non-Fiction,,,Living Room Left,For Sale,
The Feeling Good Handbook,David Burns,3,Non-Fiction/Psychology,,,Living Room Left,For Sale,
Norwegian Wood,Haruki Murakami,3,Literary Fiction,,,Living Room Left,For Sale,
White Noise,Don DeLillo,3,Literary Fiction,,,Living Room Left,For Sale,
The Gift of Therapy,Irvin D. Yalom,5,Psychology/Non-Fiction,,,Bedroom,For Sale,
Somatic Internal Family Systems Therapy,McConnell,,Psychology/Therapy,Check Amazon price,,,Bedroom,For Sale
The Deepest Well,Nadine Burke Harris,3,Psychology/Medicine/Non-Fiction,,,Bedroom,For Sale,
The Book,Alan Watts,3,Philosophy/Spirituality,,,Bedroom,For Sale,
Loud and Clear,Brian Anderson,3,Music/Technology/Non-Fiction,Grateful Dead sound system,,Bedroom,For Sale,
Social Theory: The Multicultural and Classic Readings,Charles Lemert,,Sociology/Theory,5th Edition - Check Amazon price,,Dining Room Right,For Sale,
A Critical and Cultural Theory Reader,Antony Easthope & Kate McGowan,,Critical Theory,Check Amazon price,,Dining Room Right,For Sale,
Women Race & Class,Angela Y. Davis,5,Critical Theory/Feminism,,,Dining Room Right,For Sale,
Contemporary Sociological Theory,Wallace Wolf,,Sociology/Theory,Check Amazon price,,Dining Room Right,For Sale,
Learning to Be White,Thandeka,3,Critical Race Theory,,,Dining Room Right,For Sale,
Civil Disobedience and Other Essays,Henry David Thoreau,2,Philosophy/Politics,,,Dining Room Right,For Sale,
War Is a Force That Gives Us Meaning,Chris Hedges,3,War/Journalism,,,Dining Room Right,For Sale,
Burnout,Emily Nagoski & Amelia Nagoski,3,Health/Self-Help,,,Dining Room Right,For Sale,
Black Skin White Masks,Frantz Fanon,5,Critical Theory/Race,,,Dining Room Right,For Sale,
Qualitative Research Methods,Berg,,Sociology/Research Methods,Check Amazon price,,Dining Room Right,For Sale,
The Pentagon of Power,Lewis Mumford,3,Technology/History,,,Dining Room Right,For Sale,
The Woman Warrior,Maxine Hong Kingston,3,Sociology/Theory,,,Dining Room Right,For Sale,
On Photography,Susan Sontag,3,Photography/Theory,,,Dining Room Right,For Sale,
Towards the Abolition of Whiteness,David R. Roediger,5,Critical Race Theory,,,Dining Room Right,For Sale,
Biopiracy,Vandana Shiva,3,Environmental/Politics,,,Dining Room Right,For Sale,
Whiteness of a Different Color,Jacobson,5,Critical Race Theory,,,Dining Room Right,For Sale,
Recollections of My Life as a Woman,Diane di Prima,3,Memoir/Poetry,,,Dining Room Right,For Sale,
Cultural Studies & Political Theory,Jodi Dean (ed),5,Cultural Studies/Politics,,,Dining Room Right,For Sale,
Feminist Frontiers IV,Richardson Taylor Whittier,5,Sociology/Feminism,,,Dining Room Right,For Sale,
Enchanted Feminism,Gloria Anzaldúa,3,Spirituality/Feminism,,,Dining Room Right,For Sale,
Multitude,Michael Hardt & Antonio Negri,5,Political Philosophy,,,Dining Room Right,For Sale,
A Sideways Look at Time,Jay Griffiths,3,Philosophy/Time,,,Dining Room Right,For Sale,
Through the Prism of Difference,Baca Zinn et al,,Sociology/Theory,Check Amazon price,,Dining Room Right,For Sale,
Social and Political Philosophy,Somerville & Santoni (ed),5,Philosophy/Politics,,,Dining Room Right,For Sale,
Tarrying with the Negative,Slavoj Žižek,5,Philosophy/Critical Theory,,,Dining Room Right,For Sale,
Brown,Richard Rodriguez,3,Memoir/Cultural Studies,,,Dining Room Right,For Sale,
A Short History of Anarchism,Max Nettlau,3,Politics/Anarchism,,,Dining Room Right,For Sale,
Community Anarchy & Liberty,Michael Taylor,3,Politics/Anarchism,,,Dining Room Right,For Sale,
Sacco and Vanzetti,Paul Avrich,3,History/Politics,,,Dining Room Right,For Sale,
Society Against the State,Pierre Clastres,5,Anthropology/Politics,,,Dining Room Right,For Sale,
Discipline and Punish,Michel Foucault,5,Philosophy/Theory,,,Dining Room Right,For Sale,
The Autobiography of Malcolm X,Malcolm X & Alex Haley,3,History/Biography,,,Dining Room Right,For Sale,
Post-Scarcity Anarchism,Murray Bookchin,3,Politics/Anarchism,,,Dining Room Right,For Sale,
Social Defence Social Change,Brian Martin,3,Peace Studies/Politics,,,Dining Room Right,For Sale,
No Gods No Masters,Various (anthology),3,Politics/Anarchism,,,Dining Room Right,For Sale,
Anarchist Voices,Paul Avrich,3,History/Anarchism,Abridged Edition,,Dining Room Right,For Sale,
Anarchy in Action,Colin Ward,3,Politics/Anarchism,,,Dining Room Right,For Sale,
Postmodern Anarchism,Lewis Call,3,Politics/Anarchism,,,Dining Room Right,For Sale,
Race Class and Gender in the United States,Paula Rothenberg,5,Sociology/Race,,,Dining Room Right,For Sale,
Race Matters,Cornel West,3,Philosophy/Race,,,Dining Room Right,For Sale,
Welcome to the Desert of the Real,Slavoj Žižek,5,Philosophy/Theory,,,Dining Room Right,For Sale,
White by Law,Ian Haney López,5,Law/Race,,,Dining Room Right,For Sale,
The Fifth Discipline,Peter M. Senge,3,Business/Systems Thinking,,,Dining Room Right,For Sale,
The Miner's Canary,Lani Guinier & Gerald Torres,3,Law/Race,,,Dining Room Right,For Sale,
The Book of Form and Emptiness,Ruth Ozeki,3,Literary Fiction,,,Dining Room Right,For Sale,
The Failures of Integration,Sheryll Cashin,3,Sociology/Race,,,Dining Room Right,For Sale,
Whitewashing Race,Brown et al,5,Sociology/Race,,,Dining Room Right,For Sale,
Postcolonial Discourses,Various (anthology),5,Postcolonial Theory,,,Dining Room Right,For Sale,
Displacing Whiteness,Various,5,Critical Race Theory,,,Dining Room Right,For Sale,
Racist Culture,David Theo Goldberg,5,Philosophy/Race,,,Dining Room Right,For Sale,
Open Veins of Latin America,Eduardo Galeano,3,History/Economics,,,Dining Room Right,For Sale,
The Possessive Investment in Whiteness,George Lipsitz,5,Critical Race Theory,,,Dining Room Right,For Sale,
All Our Kin,Carol Stack,5,Anthropology/Sociology,,,Dining Room Right,For Sale,
The Ever-Present Origin,Jean Gebser,5,Consciousness/Philosophy,,,Dining Room Right,For Sale,
The Spanish Civil War,Hugh Thomas,5,History/War,,,Dining Room Right,For Sale,
Webs of Power,Starhawk,3,Activism/Anarchism,,,Dining Room Right,For Sale,
Feminisms,Sandra Kemp & Judith Squires,5,Feminism/Theory,,,Dining Room Right,For Sale,
The Politics of Reality,Marilyn Frye,3,Feminism/Philosophy,,,Dining Room Right,For Sale,
The Myth of Development,Oswaldo de Rivero,3,Economics/Development,,,Dining Room Right,For Sale,
Dreaming the Dark,Starhawk,3,Activism/Spirituality,,,Dining Room Right,For Sale,
Book Four,Aleister Crowley,5,Occult/Magic,,,Dining Room Left,For Sale,
Finite and Infinite Games,James P. Carse,3,Philosophy/Game Theory,,,Dining Room Left,For Sale,
Prozac Diary,Lauren Slater,3,Memoir/Psychology,,,Dining Room Left,For Sale,
Soccer in Sun and Shadow,Eduardo Galeano,3,Sports/Culture,,,Dining Room Left,For Sale,
Darkness Visible,William Styron,3,Memoir/Mental Health,,,Dining Room Left,For Sale,
Condensed Chaos,Phil Hine,3,Occult/Chaos Magic,,,Dining Room Left,For Sale,
The Phish Companion,Various,5,Music/Reference,,,Dining Room Left,For Sale,
Cosmic Trigger,Robert Anton Wilson,5,Occult/Counterculture,Volume I,,Dining Room Left,For Sale,
A Mind Apart,Susanne Antonetta,3,Psychology/Autism,,,Dining Room Left,For Sale,
Neurotribes,Steve Silberman,3,Psychology/Autism/History,,,Dining Room Left,For Sale,
Fieldwork Under Fire,Nordstrom & Robben,5,Anthropology/Methods,,,Dining Room Left,For Sale,
Soccer Against the Enemy,Simon Kuper,3,Sports/Politics,,,Dining Room Left,For Sale,
Ten Arguments for Deleting Your Social Media,Jaron Lanier,3,Technology/Social Criticism,,,Dining Room Left,For Sale,
Remote,Fried & Heinemeier Hansson,3,Business/Work,,,Dining Room Left,For Sale,
The Places in Between,Rory Stewart,3,Travel/Memoir,,,Dining Room Left,For Sale,
A Headache in the Pelvis,Wise & Anderson,3,Health/Medical,,,Dining Room Left,For Sale,
The Listening Society,Hanzi Freinacht,3,Spirituality/Society,,,Dining Room Left,For Sale,
Prescription for Nutritional Healing,Balch,5,Health/Reference,,,Dining Room Left,For Sale,
Shoes Outside the Door,Michael Downing,3,Buddhism/Scandal,SF Zen Center,,Dining Room Left,For Sale,
Headspace,Andy Puddicombe,3,Meditation/Mental Health,3rd Edition,,Dining Room Left,For Sale,
The Wretched of the Earth,Frantz Fanon,5,Postcolonial Theory,,,Dining Room Left,For Sale,
A Map of Home,Randa Jarrar,3,Literary Fiction/Memoir,,,Dining Room Left,For Sale,
Beyond the Limits,Meadows et al,,Environment/Systems,Check Amazon price,,,Dining Room Left,For Sale
Circles of Power,John Michael Greer,3,Occult/Magic,,,Dining Room Left,For Sale,
A People's History of the United States,Howard Zinn,3,History/Politics,,,Dining Room Left,For Sale,
Opening Skinner's Box,Lauren Slater,3,Psychology/Science,,,Dining Room Left,For Sale,
The Information,James Gleick,3,Technology/Information,,,Dining Room Left,For Sale,
Here Roots Reach for Water,Jeffery Smith,3,Memoir/Literary Fiction,,,Dining Room Left,For Sale,
The Most Human Human,Brian Christian,3,Philosophy/AI,,,Dining Room Left,For Sale,
Roald Dahl's Revolting Rhymes,Roald Dahl,2,Children's/Poetry,,,Dining Room Left,For Sale,
From Fatigued to Fantastic!,Jacob Teitelbaum,3,Health/Chronic Fatigue,,,Dining Room Left,For Sale,
The Anatomy of Human Destructiveness,Erich Fromm,5,Psychology/Violence,,,Dining Room Left,For Sale,
The Long Emergency,James Howard Kunstler,3,Collapse/Environment,,,Dining Room Left,For Sale,
American Taboo,Philip Weiss,3,True Crime/History,,,Dining Room Left,For Sale,
Be Here Now,Ram Dass,5,Spirituality/Counterculture,,,Dining Room Left,For Sale,
The Ecology of Freedom,Murray Bookchin,3,Anarchism/Ecology,,,Dining Room Left,For Sale,
Mad Bad & Sad,Lisa Appignanesi,3,Gender/Psychology/History,,,Dining Room Left,For Sale,
Dark Age Ahead,Jane Jacobs,3,Urban Studies/Critique,,,Dining Room Left,For Sale,
The Sunfood Diet Success System,David Wolfe,2,Health/Diet,,,Dining Room Left,For Sale,
Better Off,Eric Brende,3,Technology/Philosophy,,,Dining Room Left,For Sale,
Violence,Derrick Jensen,3,Philosophy/Violence,,,Dining Room Left,For Sale,
Our Final Invention,James Barrat,3,Technology/AI,,,Dining Room Left,For Sale,
A Language Older Than Words,Derrick Jensen,3,Environment/Ecology,,,Dining Room Left,For Sale,
Field Notes from a Catastrophe,Elizabeth Kolbert,3,Environment/Science,,,Dining Room Left,For Sale,
The Most Beautiful World Our Hearts Know Is Possible,Charles Eisenstein,3,Economics/Philosophy,,,Dining Room Left,For Sale,
The World Is Made of Stories,David R. Loy,3,Philosophy/Buddhism,,,Dining Room Left,For Sale,
The Zinn Reader,Howard Zinn,3,History/Politics,,,Dining Room Left,For Sale,
Contemporary Political Philosophy,Will Kymlicka,5,Philosophy/Politics,Second Edition,,Dining Room Left,For Sale,
Group Model Building,Jac A.M. Vennix,,Systems Dynamics/Methods,Check Amazon price,,,Dining Room Left,For Sale
This Could Be the Start of Something Big,Pastor & Benner,3,Activism/Social Movements,,,Dining Room Left,For Sale,
The Turning Point,Fritjof Capra,3,Science/Philosophy,,,Dining Room Left,For Sale,
Structural Social Work,Bob Mullaly,5,Social Work/Theory,,,Dining Room Left,For Sale,
The Chomsky Reader,Noam Chomsky,3,Politics/Linguistics,,,Dining Room Left,For Sale,
Modeling the Environment,Andrew Ford,,Systems Dynamics/Environment,Check Amazon price,,,Dining Room Left,For Sale
Thinking in Systems,Donella Meadows,,Systems Thinking,Check Amazon price,,,Dining Room Left,For Sale
Ruby for Rails,David A. Black,3,Programming/Ruby,,,Office,For Sale,
Grokking Algorithms,Aditya Bhargava,3,Computer Science/Algorithms,,,Office,For Sale,
Agile Web Development with Rails 4,Ruby Thomas Hansson,5,Programming/Rails,,,Office,For Sale,
Practical Object-Oriented Design in Ruby,Sandi Metz,5,Programming/Ruby,POODR,,Office,For Sale,
A Book on C,Kelley Pohl,3,Programming/C,Second Edition,,Office,For Sale,
Ruby Wizardry,Weinstein,3,Programming/Ruby,,,Office,For Sale,
The Ruby Way,Hal Fulton,3,Programming/Ruby,Second Edition,,Office,For Sale,
Code,Charles Petzold,5,Computer Science/History,,,Office,For Sale,
Design Patterns in Ruby,Russ Olsen,5,Programming/Ruby,,,Office,For Sale,
Rails Antipatterns,Pytel & Saleh,3,Programming/Rails,,,Office,For Sale,
Grokking Simplicity,Eric Normand,3,Programming/Functional,,,Office,For Sale,
Hold'em Poker for Advanced Players,Sklansky & Malmuth,,Poker/Strategy,Check Amazon price,,Bedroom,For Sale,
Kill Phil,Various,3,Poker/Tournaments,,,Bedroom,For Sale,
Weighing the Odds in Hold'em Poker,King Yao,3,Poker/Strategy,,,Bedroom,For Sale,
The Mathematics of Poker,Chen & Ankenman,,Poker/Mathematics,Check Amazon price,,Bedroom,For Sale,
The Theory of Poker,David Sklansky,,Poker/Theory,Check Amazon price,,Bedroom,For Sale,
Dark Pools,Scott Patterson,3,Finance/Technology,,,Bedroom,For Sale,
Harrington on Hold'em,Harrington & Robertie,5,Poker/Tournaments,Volume 1,,Bedroom,For Sale,
Super System 2,Doyle Brunson,,Poker/Strategy,Check Amazon price,,Bedroom,For Sale,
Psychopath Free,Jackson MacKenzie,3,Psychology/Recovery,,,Bedroom,For Sale,
Warm Smiles from Cold Mountains,Reb Anderson,3,Buddhism/Zen,,,Bedroom,For Sale,
Get Out of Your Mind and Into Your Life,Steven Hayes,3,Mindfulness/Psychology,,,Office,For Sale,
Code as Creative Medium,Levin & Brain,5,Art/Programming,,,Office,For Sale,
Holy Bible,Various,2,Religion/Christianity,NIV,,Bedroom,For Sale,
Surfaces and Essences,Hofstadter & Sander,5,Cognitive Science/Analogy,,,Office,For Sale,
Through Gates of Splendor,Elisabeth Elliot,2,Christianity/Missions,,,Bedroom,For Sale,
Emotional Alchemy,Tara Bennett-Goleman,3,Psychology/Mindfulness,,,Bedroom,For Sale,
Ruby Phrasebook,Various,2,Programming/Reference,,,Office,For Sale,
Zen Master Raven,Robert Aitken,3,Buddhism/Zen,,,Bedroom,For Sale,
Program or Be Programmed,Douglas Rushkoff,3,Media Theory/Technology,,,Office,For Sale,
Broadway Play,Eric Overmyer,3,Theater/Plays,,,Office,For Sale,
An Elemental Thing,Eliot Weinberger,3,Essays/Literature,,,Office,For Sale,
Waiting for Lefty and Other Plays,Clifford Odets,3,Theater/Plays,,,Office,For Sale,
Jitterbug Perfume,Tom Robbins,3,Fiction/Postmodern,,,Office,For Sale,
The Name of the Wind,Patrick Rothfuss,3,Fantasy fiction,,,Office,For Sale,
The Playwright's Voice,David Savran,5,Theater/Cultural Studies,,,Office,For Sale,
Staying Alive,Neil Astley (ed),3,Poetry anthology,,,Office,For Sale,
The Numbers Game,Anderson & Sally,3,Sports/Analytics,Soccer analytics,,Office,For Sale,
Who By Fire,Diana Spechler,3,Fiction,,,Office,For Sale,
Love Signs,Linda Goodman,3,Astrology/Relationship,,,Office,For Sale,
Cutting Through Spiritual Materialism,Chögyam Trungpa,3,Buddhism/Spirituality,,,Office,For Sale,
The Enlightened Heart,Stephen Mitchell,3,Poetry/Spirituality,,,Office,For Sale,
Marriage Rules,Harriet Lerner,3,Relationships/Psychology,,,Office,For Sale,
The Politics of Turmoil,Cloward & Piven,5,Political Science/Sociology,,,Office,For Sale,
Instinct for Freedom,Alan Clements,3,Buddhism/Meditation,,,Office,For Sale,
Light on Yoga,B.K.S. Iyengar,3,Yoga/Practice,,,Office,For Sale,
Buddhism Without Beliefs,Stephen Batchelor,3,Buddhism/Philosophy,,,Office,For Sale,
Thoughts Without a Thinker,Mark Epstein,3,Buddhism/Psychology,,,Office,For Sale,
The Power of Attachment,Diane Poole Heller,3,Psychology/Attachment,,,Office,For Sale,
The Great Bay,Various,3,Fiction/Climate,Chronicles of the Collapse,,Office,For Sale,
Cloud Tectonics,José Rivera,3,Theater/Play,,,Office,For Sale,
Tibetan Peach Pie,Tom Robbins,3,Memoir/Fiction,,,Office,For Sale,
The Real Thing,Tom Stoppard,3,Theater/Play,,,Office,For Sale,
Returning to Silence,Dainin Katagiri,3,Buddhism/Zen,,,Office,For Sale,
Humana Festival 2000,Various,3,Theater/Anthology,,,Office,For Sale,
There Is No Such Thing As A Natural Disaster,Hartman & Squires,5,Sociology/Disaster Studies,,,Office,For Sale,
Five Finger Exercise,Peter Shaffer,3,Theater/Play,,,Office,For Sale,
Border Hacker,Vonk & Kirschner,3,Non-Fiction/Immigration,,,Office,For Sale,
A Path With Heart,Jack Kornfield,3,Buddhism/Meditation,,,Office,For Sale,
Art and Craft in Creative Nonfiction,Lee Gutkind,3,Writing/Craft,,,Office,For Sale,
Aloud,H. Alan,3,Poetry/Performance,Nuyorican Poets Cafe,,Office,For Sale,
Philip Kan Gotanda: Plays,Philip Kan Gotanda,3,Theater/Play,,,Office,For Sale,
The Outlaw Bible of American Poetry,Alan Kaufman (ed),3,Poetry/Anthology,,,Office,For Sale,
Two Plays,Bertolt Brecht,3,Theater/Plays,,,Office,For Sale,
The Dawn of Everything,Graeber & Wengrow,5,Anthropology/History,,,Office,For Sale,
Twitter and Tear Gas,Zeynep Tufekci,3,Social Movements/Technology,,,Office,For Sale,
The Foxfire Book,Eliot Wigginton (ed),3,Folk Knowledge/DIY,,,Office,For Sale,
Anarchism,Guerin,3,Political Theory,,,Office,For Sale,
Outlaw Culture,bell hooks,3,Cultural Criticism,,,Office,For Sale,
1000 Gardening Questions & Answers,Various,2,Gardening/Reference,,,Office,For Sale,
The Urban Homestead,Coyne & Knutzen,3,Urban Farming/Sustainability,,,Office,For Sale,
Conflict Is Not Abuse,Sarah Schulman,3,Social Justice/Conflict,,,Office,For Sale,
Bury My Heart at Wounded Knee,Dee Brown,3,History/Indigenous,,,Office,For Sale,
Ruby Under a Microscope,Pat Shaughnessy,5,Programming/Ruby,,,Office,For Sale,
Mostly True,Brian Andreas,2,Art/Storytelling,,,Office,For Sale,
Building Communities from the Inside Out,Kretzman & McKnight,5,Community Organizing/Asset-Based,,,Office,For Sale,
Erotic Bondage Handbook,Jay Wiseman,3,Sexuality/BDSM,,,Office,For Sale,
Gynomite,Liz Belile (ed),3,Sexuality/Feminism,,,Office,For Sale,
The Little Prince (Greek),Antoine de Saint-Exupery,3,Children's/Greek,,,Office,For Sale,
Ellinika Tora 2+2,Marineta Papacheimon,3,Language Learning/Greek,Level 2,,Office,For Sale,
Ellinika Tora 1+1,Marineta Papacheimon,3,Language Learning/Greek,Level 1,,Office,For Sale,
The Giving Tree (Greek),Shel Silverstein,3,Children's/Greek,,,Office,For Sale,
The Path Is the Goal,Chogyam Trungpa,3,Buddhism/Practice,,,Office,For Sale,
Book of Lies,Various,3,Occult/Chaos Magic,,,Office,For Sale,
Data-Oriented Programming,Yehonathan Sharvit,5,Programming/Functional,,,Office,For Sale,
How to Operate Your Home,Various,2,Home Maintenance/Reference,,,Office,For Sale,
Storming Heaven: LSD and the American Dream,Jay Stevens,5,History/Non-Fiction,,,Living Room Left,For Sale,
The Cyborg Handbook,Chris Hables Gray (ed),,Technology/Theory,Academic anthology - check Amazon price,,Dining Room Right,For Sale,
Fushigi Circus (Japanese Edition),Mark Ryden,,Art/Photography,Mint condition - CHECK EDITION & SLIPCASE - could be $50-100+,,Unknown,For Sale,